Response,Utterance
ماشي بس مبارح بلشت بالدايت لح تنزعلي يا,شو رأيك نروح نتغدا بشي مطعم بعد الدوام ؟
أكيد كل يوم بعمل رياضة,عم تتمرن هالأيام ؟
لا ما قيي ببطل أعرف ركز,فيك تدرس أنت و مدور أغاني ؟
ايه ما فيني شي ما تخاف,أنت منيح ؟ شو صاير معك ؟
لا قديم كتير ولا مرة شايفو ؟,حلو هالعوينات لي لابسو جايبو جديد ؟
عم بقرا قصة حب قديمة,مرحبا شو عم تقرا ؟
اووه ألف ألف مبروك انشالله,لح يتجوز خيي الأسبوع الجاي !
مزبوط بدي انتقل لهون,سمعت أنك اشتريت بيت جديد بالمنطقة عنا
ولا شي بس حاسي حالي مريضة شوي,شو بيكي لي زعلانة ؟
ايه كلو تمام الزلمي شغيل,ماشي حلو الموظف الجديد ؟
كتير بلشت اتعلم الطبخ من لما كنت صغير,بتحب الطبخ ولا لأ؟
امبلا في اأمي بالمطبخ عم تحضر الغدا,في حدا بالبيت ولا كلن ضهروا ؟
ايه والله قضيت اسبوع كل يوم بالبحر,مبيين عليك ااخد لون منيح من مشوار البحر
ايه كتير حلوة ريحتو,عجبك العطر الجديد لي حاطو ؟
طيب لح جرب بس ما بوعدك,لازم كل يوم تركض شوي قبل ما تتروق
ايه زهقت كتير من قعدة البيت و ضهرت لحالا,شفت ستك مبارح عم تكزدر عالطريق
حلو شو لح تاخد مولد هالفصل ؟,بدي سجل مواد الجامعة اليوم
بدا تشتي شتوة قوية بعد شوي,بابا ليه عم تسكر كل الشبابيك ؟
حلو كتير أنا أصلي من اليابان,مرحبا أنا أصلي من روسيا
عم فتش على ورق لأطبع إمتحانات التلاميذ,كيف ممكن ساعدك أستاذ ؟
يسلم هالإيدين. حطيتلي فيها كتشب ؟,خلصت سندويشك تعا خدها
اي في واحد كتير منيح بهيدا الشارع عاليمين,بتعرفلك شي محل بيتزا  قريب و طيب ؟
لأ أنا ما بدخن التدخين مضر للصحة بطللي هالعادة,معك قداحة ؟
لا بالعكس كنت ممتاز ما في داعي للخوف,كنت خايف كتير قبل ما أطلع قدم المشروع
أكيد ولو. كيف بتحب اخد الصورة ؟,بدي عزبك فيك تصورنا بالكاميرا ؟
ايه كل صيفية بسافر لغيير جو شوي,بتحب السفر و تروح تعمل سياحة ؟
والله يا ريت بس الوضع المادي مش زيادة,بيتك كتير صغير ليش ما بتنتقل على بيت أكبر ؟
شكرا حبيت هيدي اللغة من أنا و صغير,لغتك الإنجليزية كتير منيحة
إذا في نسكلفيه بشرب,تشرب قهوة أو نسكافيه ؟
بحب كتير إلعب طاولة مع جدي,شو بتحب تعمل بأوقات فراغاك
والله مشغول بالشغل و العيلة,يا زلمي عاش مين شافك وين ما عم تبيين
بحب لعبة الفتبول و الباسكت,عندك شي هوايات بتحب تمارسا ؟
شكلو مريض حرام,وينو الأستاذ ما إجا عالمحاضرة اليوم
ولا شي أخدت عطلة من الشغل. بدك نروح مشوار ؟,شو عندك نهار الجمعة ؟
رايح أتغدا مع رفقاتي و نحضر فيلم,شو لح تعمل على عيد ميلادك ؟
ايه ممكن بس ورجيني بطاقتك لو سمحت,ممكن أبدل هيدا الكتاب ؟ 
ايه بعدني بس يمكن أنتقل قريبا,بعدك عايش مع أمك و أبوك ؟
مش عارف بس شكلي لح غررب,وجك مصفر كتير اليوم شو صاير معك ؟
فكرة حلوة بركي بتتنشط شوي,اليوم كتير كان بتععب بدي روح اشرب عصير
ما بعرف ما معي ساعة ,بدي عزبك بس قدي الساعة ؟
خدا عند المصلح بظبتلك ياها,وقعت مني الساعة مبارح و بطلت تمشي
لا ولله انفقدت شجرة العيلة,بتعرف شي مين هني أجدادك ؟
يا ريت بس عندي شغل بدي خلصو ضروري,رايح كزدر على الشط بعد ساعة بتحبي تجي معي ؟
مشوار حلو الصراحة انبسطت كتير,قالولي رحت على التلج من يومين كيف كانت ؟
بكرا رايح بس خلص جامعة,رحت شي عند الحكيم ؟
لأ خير شو في شو صاير ؟,سمعت شي بالأخبار ؟
أمرار مشي أمرار بيي بوصلني,كيف بتروح على المدرسة ؟
انتزع السخان و ما في مي سخنة,شو بيه معصب و عم بفش خلقه فينا ؟
بعد كم شهر لكون خلصت جامعة,ايمتا لح تسافر ؟
فعلا كتير حلو خرج نضهر مشوار,كتير حلو الطقس اليوم
بسيطة.هلق من شوف دكانة غيرها,سكرت الدكانة كان بدي جيب غراض للبيت
مش مزبوط ابدا. مين قال هيدا الحكي ؟,سمعت انو أخت لح تتجوز بعد شهر مبروك
بدنا نروح اليوم رحلة على المتحف,لوين رايحين ؟
تمام فكرة حلوة. من زمان جايي عبالي والله. شو بدك تحضر؟,شو رأيك نروح عالسينما اليوم ؟
سلامتك خير شو اشبك ؟ بشو حاسس ؟,حاسس حالي كتير مضايق
عندي تويوتا قديمة  بدي غيرها زهقت منا,شو نوع سيارتك اللي بتسوقها عادة ؟
فعلا طقس زفت اليوم ,يا الله شو هالطقس اليوم بالمرة
بحب أعزف عالعود و أسمع موسيقى,شو بتعمل بأوقات فراغك ؟
لا ما تخاف. أنا برأي كون جريء و قلها,بدي قول لرفيقتي انو بحبها بس خيفان
بحب السباحة كتير. كان بدي احترف السباحة,شو رياضتك المفضلة ؟
ربحنا نهائي كأس اليوم,شو يلي مخللاك مبسوط هلقد ؟
اي لح روح اكيد ولو ,لح تروح على الحفلة نهار السبت ؟
ما في مشكلة أكيد. مرق لعندي عالمكتب بأوقات فراغي,فيي احكي معك بخصوص الإمتحان ؟
شكرا ماما الله يخليلي ياكي,الله يوفقك اليوم بإمتحانك
ليه شو صاير معك ؟ خبرني,خلص ما بقا بدي اشتغل معو لهيدا الشخص. العمى شو مزعج
ما تقلي نصبوا عليك بالسوق مرة تانية,يا زلمي انغشيت اليوم 
ايه يمكن خلصت بطاريتها,مزبوطة الساعة ؟ كأنو مأخرة 
اهلين فيك! والله مضغوطة بالدرس,شو يا ست كيفك ؟ زمان ما شفناكي
شربلك كباية عصير ليمون بركي بتروق,راسي عم يوجعني شو بدي أعمل ؟
معك حق مليون بالمية. العلم ما إلو نهاية,لازم الواحد يضل عم يتعلم و يطور نفسه
خمسة و عشرين ليه ؟,قدي عمرك ؟
هيدي من الدخان و الأركيلة,شو هالريحة العمى شي بقرف !
تحممت بميي باردة كتير,ليه هيك شكلك متلج ؟
الها من امبارح مقطوعة,الله يلعن هالبلد انقطعت الكهربا !
لأ ليش بدي غار يعني ؟,شو غرت لأني سلمت على رفيقك ؟
معك حق. كرمال هيك كتير رخيصة,ما طيبة هالجبنة. طعمتها متل البلاستيك
يا ريت بس ضاهر مع خطيبتي,عاملين حفلة بالبيت عشية تعا 
منيح اللي قلتلي كنا رايحين نلعب فوتبول. إذا هيك لح نأجلها,عم ب قولوا عالأخبار إنو بدها تشتي بكرا 
هيدي بنت خالتي ,بترف شي مين هيدي الصبية ؟ كتير حلوين شعراتها
انتزع عندي شريط الكهرباء باليت و كنت عم صلحو,ما ضقيتلي امبارح كنت ناطر منك اتصال
منيحة ما بها شي. تسلينا شوي,كيف كانت عطلتك ؟
شي ساعة و نص بالكتير,قدي بدي وقت لأوصل على راس الجبل ؟
عفوا ما تواخذني بالغلط,شكلك قعدت محلي استاذ
عالتلوث ما شكلنا حنضاين,قدي معدل الحياة عندك بالبلد ؟
حلو بس الأكل هونيك بالمرة,رايح عاليابان بالصيفية
الحمدلله ماشي الحال ,كيفك يا زلمي ؟
ليش يا استاذ شو يلي زاعجك ؟,فيك تعيطلي لمديرك بدي اشتكي 
شكرا حبيبي كلك زوق,مبروك الجايزة. بتستاهل !
كلو تمام بس تعب كتير,كيف لقيت الشغل الجديد ؟
لأ عفوا أنا مخطوبة,فيي ارقص معك لو سمحتي ؟
لا ما في حدا تفضل  قعود,في حدا اخد هيدا المقعد ؟
اي مدري ليش هيك عم بصير,في كتير ناس عم يتطلقوا هلأيام
طب روح قلها شو بعدك ناطر يا ذكي,حبيتا من أول نظرة. كتير حلوة
عند الشب هونيك هو بساعدك,عفوا وين فيي سجل ؟
ايه كلو تمام لح اتخرج بعد شهر ان شاء الله,كيف دراستك ؟ كلشي تمام ؟
بحب أحضر افلام رومانسية,عندك شي بتحب تعملو ؟
ايه هيدا فلم رعب نزل من كم يوم,شو هو هيدا الفلم نازل جديد ؟
هيدي ستي أم ابوي,مين هيدي المرا ؟
هلق باخدك عند الحكيم,ماما اجريي عم يوجعوني كتير
بس اكيد مش اشطر من مرتي. تعلمت الطبخ عند شيف عالمي,مرتي كتير شاطرة بالطبخ. مبارع عملتلي معكرونة كتير طيبة
صحتين و هنا على قلبك,مبارح تععشيت عشى كتير طيب يا لطيف
والله ما قادرة تعبانة كتير,اليوم حلو كتير الطقس شو رأيك نروح نتمشى ؟
لازم نتصل بالشرطة,في حدا سرقلي جزداني
ماشي بس ما معي وقت كتير,فيي احكي معك بموضوع شخصي شوي ؟
عطيني بس دقيقتين و بكون خلصت,يلا يا زلمي عجل لح يروح علينا الباص
منيحة بس انتزعت السيارة بنص الطريق,كيف كانت ضهرتك مبارح ؟
ايه رايح على فرنسا يومين ,عندك سفرة شغل ؟
ايه سمعت في الله يجيرنا,سمعت انو في فيروس جديد اسمو كورونا ؟
عحبني حلو بس كأنو ضيق شوي,شو رأيك ببنطلوني الجديد ؟
شكرا حبيبي ما بدي عزبك هلق باخد سرفيس,بدك وصلك على البيت ؟ معي سيارة
شكرا كلك زوق ,ينعاد عليكي يا حلوة
برأي بلش بالديت من هلق,زايد وزني منيح عن هيديك السنة
فتش منيح بتكون مدري وين حاطو,ما عم لاقي دفتري ضاع
ماشي ضاهر شوي مع رفقاتي,شو بدك تعمل على عيد ميلادك ؟
ايه اكيد.  اي ساعة بدك ؟,تتعشي معي الليلة ؟
لا يسلمو ما بدخن أنا,تدخن سجارة معي ؟
عندي اشيا المدير بدوياني خلصها اليوم,بشو مشغول هلق ؟
في حدا ما بحب يسمعن ؟,بتحب تسمع أغاني فيروز ؟
تص عليهن سبيرتو,عقصني البرغش بالليل
عم فتش عالريموت مضري وين محطوطة,حاش تروح و تجي دوختني
خلص غيرت رأي ما بقا بدي,حاج  تلف و تدور خلصني و قلي شو بدك
ولا يهمك انتبه على حالك,ما تواخذني بس صار لازم روح
ايه فاضي فيك تقعد,هيدا المقعد فاضي ؟
والله صعبة بحس من شوف,برأيك لح نربح الماتش اليوم ؟
الله لا يوفقهم,زادو الضريبة على المعاش اليوم
ما بعرف والله بس اكيد لح خبرك عشية,جاي لعندي بكرا ؟
في ناس نيقة كتير,ليش في ناس ما بيعجبها العجب؟
بدي استعمل الكومبيوتر,شو بدك ؟
شكرا حبييبي انت الحلو,شو هالطقم الحلو يللي لابسو
معقولة كتير ما بستغرب,برأيك هو يللي سرق الذهب ؟
الله يخليلي ياكو شوفك عريس,ينعاد عليكي يا احلى أم بالدنيا
ليه يعني ؟ عادة بتسلم بالإيد ؟,اوقات ما بعرف اذا لازم سلم بالإيد
ما تعطل هم اصلن انا بضل إنسا اعياد الكل,سامحني نسيت إنو مبارح عيد ميلادك
و عليكم السلام و رحمة الله,السلام عليكم
انسا جربتو من يومين و ما عجبني,شوف هيدا المطعم فاتح جديد شكلو منيح
من شي ثلاثة اشهر,ايمتا اخر مرة حضرت فلم ؟
لا والله عم قول الحقيقة,عم تكذب عليي كمان ؟
في رفيقي معقول يهمو,بدي بيع سيارتي بتعرف حدا ممكن يشتريها ؟
مش على طول  بس بحب مجلات التكنولوجيا,بتقرا مجلات ؟
يلا كول قبل ما يبردوا,ريحة الأكل كتير طيبة !!
هيدي رسمها فنان مشهر كتير بس نسيت اسمو,شو هاللوحة تحفة فنية
بشتغل مهندس بشركة عمار,شو بتشتغل حضرتك ؟
اي واحد قزدك ؟,شفت هيدا البيت ؟
لا بحياتي ما تقتها لهيدي اللعبة ,بتعرف تلعب ورق ؟
حلوة رحت على البحر,كيف كانت عطلتك؟
محضر ما تعطل هم,لازم تحضر للإمتحان
بعرف واحد شاطر اذا بدك بدلك علي,بدي شوف نجار يعملي مكتب اشتغل علي
خير شو اشبك ؟,عندي مزعد عند الحكيم بعد ساعة
اي ما بتخسر شي اذا سألتها,برأيك بسألها إذا بتروح معي على الحفلة ؟
دور المكيف أو المروحة,شوب كتير فطست
بيعد عني يا زلمي شو بيك !!,قلتلك إنو معي كورونا ؟
بدكتشوف خزلنة ستك,من زين فيي اشتري ثياب قديمة ؟
اشتري دفتر خط,بدي زبط خطي كتير بشع
طول بالك لازم تكون صبور يا زلمي,صرلي اسبوعين عم جرب و مش عم تظبت معي
الف مبروك صبي أو بنت ؟,لح يجيني ولد جديد
اي و أنا حفيدي مهندس,حفيدي دكتور بشوف حالي في
حلوة عجبتني,بلشت الموسيقى
نعم عم اتعلم اسباني,قالولي عم تتعلم لغة جديدة ؟
ليش خير شو في ؟,الحمدلله انك رجعت عالبيت
برافو عليك  بتنبسط منك,أنا بروح بزور ستي كل سبت
ماشي تكرم عينك,فيك ترجع تعدلي الشرح لو سمحت ؟
بروح عالجبل بسوق البيسيكليت,شو بتعمل بالصيفية ؟
حبيبي ولا انا,ما لح انساك ابدا
على جامعة ستانفورد,على اي جامعة بدك تفوت ؟
فكرة حلوة كتير ليش لأ. وين بدكن نروح ؟,بدنا نعمل جمعة للعيلة
احلى بلد لبنان و الأكل في كتير كتير طيب,مرحبا أنا من لبنان
من مبارح ما اجت  قاعدين عالعتمة,شو الوضع ما في كهربا ؟
يا زلمي ما تجوعني,جايي عبالي حمص بطحينة
ما في ولا فيلم حلو,أي فيلم بدك نحضر ؟
لشو بدك ياهون ؟ جربت تفتش على شغل ؟,لازم طلع شوية مصاري ضروري
لا و لا بقا تسألني اذا  فيك,فيي استعير طقمك ؟
اي اليوم خلص الفصل و أخيرا,مبيين عليك مبسوط
أنا من بيروت عاصمة لبنان,من وين أنت ؟
ماشي ما تعطل هم الله معك,لازم روح ما تواخذني عندي موعد عند الحكيم
منيح حلو تعرفت على ناس جداد,كيف كان أول يوم جامعة ؟
شو رأيك نجيب شاورما ؟,جوعان كتير شو بدنا ناكول ؟
صباح النور اهلين فيك ,صباح الخير يا حلوة
طبعا في حدا ما بحب الورد يعني ؟,بتحبي الورود ؟
منيح اجمالا بس يمكن تشتي شوي,كيف الطقس برا ؟
بكون جوعان عمليلو بيبروني,ما عم يسكت الصبي شو بدي اعمل
لا بالعكس بتزهقني كتير,الموسيقى الكلاسيكية بتروق الأعصاب
سمعت عنها شكلو شي مرتب,في كافيه جديدة فتحت بالبلد
مبروك شو هالخبر الحلو,لحسير خال عن قريب
لا بس احيانا لما كون زهقان,بتجي لهون كتير انت ؟
اي والله انبسطنا,كانت حلوة كتير هالحفلة
متل العادي فريق الميرسيديس,مين ربح السبق ؟
اي ما في مشكلة بس شوفا بحكيلها عنك,فيك تحكيلي مع رفيقتك عبالي اعزمها عالغدا
تركني هلق معصب ما طايق حالي,ليش ما عم بترد عليي ؟
كيف عورتها ؟ كيف صارت هلق ؟,عورت اجري من يومين ؟
شكرا مقدمة مع انو قديمة شوي,حلوة سيارتك كتير
مش بعيد تقريبا بعد اسبوع,ايما عيد ميلادك ؟
سلامتو شو عم بصير معو ؟,جدي عم يتعب كتير هالأيام
هندسة كمبيوتر و مركز عالذكاء الإصطناعي,شو عم تدرس بالجامعة ؟
ما بأسر أنا كمان علقت بهالعجقة شي مش معقول,عفوا عالتأخير بس عنجد كان في كتير عجقة عالطريق
عم شوف الأخبار الرياضية شو الوضع,عن شو عم تقرا بالجريدة ؟
اي ليش لأ كان جايي عبالي,تروح نلعب فوتبول الليلة ؟
طبعا بحبا كتير سهلة,بتحب اللغة اللإنجليزية ؟
ايه شفتك تاركا عالكرسي,شفت شي بلوزتي ؟ ضيعتها
اهلا اهلا والله بالأكتر,كيفو المعلم مشتاقين
لا شكلو مل بيعرف يشرح,عجبك الأستاذ الجديد ؟
اكيد شي ولد بلا تنظيم,مين عمل هالشي الغبي؟
برد كتير. ضلت الدنيا تتلج طول النهار,شو كيف الطقس اليوم؟
انا كمان. يا ريت الدنيا صيف,ما بحب فصل الشتاء بحب فصل الصيف
هيدا بيوعد وما بيوفي بوعدو,الصبي وعدنا انو حيساعدنا
حبيبي عاش مين شافك!,شو هل الصدفة السعيدة!
شكرا  عل معنويات!,انا كتير فخور فيك!
كنت تعبان شوي ما قدرت اجي نمت,ليش ما جيت عل حفلة مبارح؟
ليش؟  على ايا رحلة كنت مسافر؟,كان في شي غريب بالطيارة مبارح
لا ما تعتل هم اختي ساكنة هونيك,يمكن المنطقة مش امان هونيك
 حأنزل جبلك عصير,انا عطشان كتير
"اكيد, بعرف عنا خدومة كتير",ليك ممكن هل صبية تساعدنا بأوراق المعاملة؟ 
انا مهندس معماري,انت بشو متخصص؟
الحمدلله حلوة كتير,شو كيف كانت العطلة؟
بدي صباط جديد إذا فيك ,شو بدك جبلك هدية عل عيد ميلادك؟ 
لا ما تشدي ايدك كتير,مبين علىى زوجك انو خدوم كتير
مبلا عندي بس ما بقدر اعتمد عليهن وقت الجد,ليش بتعتبر انو ما عندك اصحاب؟
كان عندي التزمات برات الجامعة,ليش ما جيت عالصف مبارح؟ 
ولك بالعكس يا خيي. اكيد بتعمل سعادة!,ليك المصاري بعمرا ما بتعمل سعادة
اها! اكيد عندو خبرة لكن,هيدا اشتغل خمس سنين بالبنك
ايه الحمدلله,شو نجحت؟
"عال, كم زبون عندك؟",المصلحة لفتحناها ماشي حالها منيح
يخزي العين! طالع عريس,ليك شوف هالبدلة لشتريتها اليوم
البنك بيسكر بعد نص ساعة ولازم اصرف الشيك,ليش مستعجل؟ 
خليك يا زلمة قاعدين,يلا بالأذن لازم امشي
عيب عليك تقول هيك,هيدا الشب ما حيطلع من امرو شي
عنجد! عم فكر اطلبلن الدرك!,الجيران صايرين كتير مزعجين! 
ايه شوفو محطوط عالمكتب,شو خبروني انك اشتريت كمبيوتر جديد
اه والله! انا كنت بفريق الباسكت,كنت العب بفريق الفوتبول ايام المدرسة
"الأثنين صعبة, حطلك الموعد الثلاثاء؟",ممكن ناخد الموعد نهار الأثنين؟ 
"ما بعتقد, انت شو رأيك؟",اولك الناس بعد عندا ثقة بالحكومة؟
اديه عمرو؟ وليش بعدو ما بيعرف يقرا ويكتب؟,ليك ممكن تعلم هالشب كيف يقرا ويكتب؟
اوف! مين بلش بالمشكل؟,عملت مشكل مع صاحبنا
ايه عم درس رياضيات بالمدرسة الرسمية,سمعنا انو لقيتي وظيفة جديدة
ازا حابب تخسر ايه اكيد!,"حاسس حالي احسن اليوم, بدك نلعب عن جديد؟"
"ماشي اكيد,  ايا ساعة؟",اتصل فيي بكرا بكير 
"صح, لي عندك صار كتير قديم",لازم جيب بنطلون جديد
لا انا اعزب للأسف,انت مزوج؟ 
اشتغلت عمشروع الأحتباس الحراري,شو عملت بالعطلة؟ 
بس فيك تعتبرها كأنها رياضة,شو بتضايق من طلعة الدرج كل يوم
حاشتريلها ورد  لزهرة حياتي,شو ح تعمل لمرتك على عيد الحب؟
حبيبي انا بالأكتر,حبيبي كتير انبسطت بشوفتك 
"اكيد اتفضل, بدك ورقة كمان؟",ممكن استعير قلم رصاص؟
اتشرفت بمعرفتك! سوق عمهلك ,بعتذر بس انا صار لازم امشي
عم احضر تلفزيون,شو عم تعمل؟
ليش عم تخبرني هيدا الشي؟,اختي حتسافر عأمريكا
ابدا! كان بقرف!,عجبك الغدا؟
اكتر شي بحب احضر المسلسلات التركية,شو اكتر برنامج بتحب تحضرو عل تلفزيون؟
ايه والله ما نمت مبارح منيح,شو شكلك تعبان
"ايه شفتو, اخدو الركاب عل المستشفى و في واحد بدو عملية",شفت حادث السير لي صار مبارح؟
وانت بخير يا قليي,كل عام و انت بخير
ايه ما بتخيل حياتي من دونها,شو شكلك حبيتا 
يا لطيف! شو التهمة؟,عرفت انو صديقي فات عالحبس
هيك الدنيا يوم الك ويوم عليك,خسر وظيفته وكل شي بيملكو
"اليوم المسا مش فاضي, بتقدر تأجلها لبكرا؟","لازم شوفك اليوم, عندك شي المسا؟"
ايه تفضل. شو  مغرب؟,معك محرمة؟
"منشوف, بس يمكن بابا ما بيقدر يروح",تروحو عل السينيما نهار الأحد بليل؟ 
مستحيل! انشاالله بتتهنا,انا مسافر برحلة حول العالم بالصيف
شكرا  بس عندي مشرو ع غير ما بقدر,"طالعين على فاريا نهار الأحد, بتحب تجي معنا؟"
الحمدلله مريحة كتير,كيف الوظيفة الجديدة؟
"احسن من مبارح, بس بعدني مريض","صباح الخير, كيفك اليوم؟ "
ما بعتقد حأحضرها ما بحب الفوتبول,وين حتحضر الكلاسيكو؟
موتر كتير!,كيف حاسس؟
بسيطة الحظ مكان معك,مش قادر صدق انو خسرت!
"لا شكرا, بعرف اتصرف لحالي",بدك مساعدة؟ 
ايه سامعك بس بتقدر تعيد اخر جملة؟,بعدك قادر تسمعني؟ 
روق روق روق! الموضوع مش مستاهل,يا زلمة حأخوت حجن! مش قادر اتحمل بقى!
لا مش كآبة علقت مع جاري مبارح بس,مبين عليك انك صايبك كآبة
هيدا الأستاذ الجديد,مين هيدا لي واقف هونيك؟
عم تمزح! واخيرا,الأستاذ لغى الأمتحان
ايه ازا الطقس منيح منقضي  النهار برا,بتحب نحضر شي لبكرا؟ 
فكرة حلوة خلينا نروح,تروح عل مكتبة معي؟
الليلة صعبة شوي لأن رايح على عرس رفيقي,ايمتى منقدر نعزمك عل عشا؟ شو رأيك الليلة؟
عنجد؟ هلقد مبين عليي اني مبسوط؟,مبين في بتمك حكي
ما في شي محدد بحب تابع كل شي,ايا رياضة بتحب اتابع اكتر شي؟
"الحمدلله تمام, شكرا عل سؤال, كيفك انت؟","صباح الخير, كيف كل شي معك؟ "
"الله يعافيك , اكيد ولو!","يعطيك العافية, ممكن تساعدني بتدوير المكنة؟"
ماشي شكرا,"ما تخاف, خليك عم تجرب"
كنت حب العب داما وشطرنج,شو الألعاب لي كنت تحب تلعبا انت وصغير؟
"كنت متوقع يصير هيك, صار بيناتن مشاكل كتير اخر فترة",هيدول لي كانوا علقانين الأسبوع الماضي اطلقوا
الشي لي ما بينبنى على حب واحترام متبادل ما بينجح,شو رأيك بالزواج الي ما بينبنا على حب؟
بحب سفر السياحة بس سفر الشغل ابدا,بتحب تسافر؟
زارع تشكيلة منوعة! شو ما بيخطر على بالك!,شو انواع الخضرة لي زارعن بالجنينة؟
بهل وقت من السنة بكون دف,كيف كان الطقس بالبلد الي جاي منو؟
بشو بقدر ساعدك؟,يا الله! حأتخر عل موعد!
ما في شك! انشاالله بعطلة الربيع الجاي,لازم تصير تزورنا اكتر 
مش عارف خليني شوف,شو هيدا الشي؟
اها! عقبال منشوفك انت المدير,اليوم عينوا مدير جديد بالشركة
ايه بجنن!,الطقس حلو اليوم ايه؟
ايه فاضي بس مش حابب روح,فاضي نهار الأحد لنروح عل ماراثون؟
لا ابدا! ما حبيتو ابدا,شو عجبك الفبلم؟
والله ما في شي بس شويت ضغط من الشغل,شو القصة ليه هلقد تعبان؟
شو عم تحكي! مين خبرك هل حكي,بتعرف انو شرب البيرة بخلي صوتك احلى؟
اكيد تفضل,"عفوا, ممكن تزيح شوي؟"
علينا وعليك,"اسبوع الجاي ببلش شهر رمضان, رمضان كريم!"
ليش لوين بدك تروح فيها؟,"من بعد اذنك, ممكن استعير البسكليت؟"
ابدا! الدنيا فرص والشاطر ما بفوت فرصة هيك,ما بتحسها غريبة انك تستلم مطرح المدير القديم؟
ما بتقدر تخسرني,شو رأيك خسرك بلعبة التنس؟
ايه السعلة صارت اقوى كمان , بعدك عم تسعل؟
معك حق بس هيدي عادة قديمة ما بقدر وقفها,لازم توقف تدخين عم اتضر صحتك كتير
"منيحة, سافرت على استراليا ونيوزلاندا ",كيف كانت الصيفية؟
مافي شي شكرا عل اهتمام,صرلك فترة مش مبسوط شو القصة؟
شفتو حبيبي يعطيك العافية بجنن,ماما ممكن تراجعلي الفرض قبل ما سلمو بكرا؟
ايه اكيد ما عندي مانع منغير جو شوي ,شو رأيك نروح نكزدر عل كورنيش نهار الأحد؟
كل عام وانت بخير!,ميلاد مجيد! 
ما تعتل هم. كل شي حيكون منيح,انا انتهيت. فلست رسميا
اكيد. لحظة لجيبها من الخزانة,ممكن تفرجيني البدلة تعيتك؟
كيف بتسترجي تحكي معي هيك؟,انا تعبت منك! انت مين مفكر حالك ولا؟
ايه. السبت والأحد رحت,مبين عليكي مسمرّة. شو كاينة عل بحر؟
القلب بيضخ الدم يا استاذ,اليوم حنكمل درس  العلوم. شو وظيفة القلب بالجسم؟
ليش؟ هيك عم بخلق فرص اكتر ,هيدي الخطة مش منيحة لشغلك. عم تلعب بالنار
ايه. جدي علمني ياها,بتعرف تلعب شطرنج؟ 
انا كمان! اتبسطت بشوفتك ,يا لطيف لديه صرني مش شايفك! 
ايه لأن بحاجة لواحد اكبر,شو مبين جايب براد جديد؟
ايه! تعلمت كيف هيديك السنة وحبيت كتير,شو بتحب التزلج؟ 
تكرم. بتحب حطلك الحجز ليوم تاني؟,بدي الغي حجز نهار الخميس بليل ازا بتريد
اكيد. بس انتبه يمكن بدو تشريج,ممكن اسعمل اللابتوب تعولك شوي؟
بعرف مطعم بيعمل طبخ لبناني. بدك نجيب؟,تعبت من الأكل الجاهز. اشتقت اكل طبخ لبناني
جبتلها ورد واشتريتلها غسالة.,شو جبت لأمك ع عيد الأم؟ 
ما بعرف ما فكرن بهيدا الموضوع قبل,شو حيصير بالولاد ازا اطلقت انت والمحروسة؟
ايه سافرت مرتين قبل هيك,مسافر قبل بمرة عل يابان؟
بعدني مطرح ما كنت ما غيرت,وين ساكن هلق؟
عمال معروف بدي اشتري هيدول الكتب,كيف بقدر ساعدك استاذ؟ 
بشوف. مين ومين رايح؟,بتحب تروح ناكل اكل صيني نهار الجمعة؟
لا. كنت ضل مشغول بالدرس. انت كنت تشتغل؟,كنت تشتغل ايام الجامعة؟
ابدا. ما تسليت بالمرة,حبيت اللعبة؟
اكيد. بس لازم ترجعن خلال اسبوع,ممكن استعير هل كتابين؟
ليش خير شو القصة؟,عنجد انا ما بعرف كيف ابتليت وتجوزت
بعدا بألف ليرة,اديه حق الجريدة اليوم؟
متضايق من الوضع بالبلد ,شو ليش معصب؟ 
ياالله! كنت كتير حابب روح,كل التذاكر انباعت. مش حنقدر نحضر الحفلة.
لا مش ضروري. البوظة بتكفي وبتوفي,بدك حطلك فواكه حد البوظة؟ 
الأزرق السماوي او الأزرق الفاتح,شو لونك المفضل؟
تكرم عينك. ما بدك خس كرمال السلطة؟,عمال معروف بدي كيلو بندوة و تنين كيلو خيار
ماشي. حاسب عل صندوق و عشر دقائق بكونو جاهزين,من بعد امرك بدي سندويشة كفتة وسندويشة طاووق.
ايه. هبق بعطيك رقم الي بقص عندو,بدي روح قص شعري. بتعرفلك حلاق شاطر؟
ليش؟ انت بهمك هل مجال؟,لازم اخد مواد بإدارة الأعمال قبل ما اتخرج
سبعة وستين راكب.,كم راكب في عل طيارة؟
ضغط كتير. اخد مواد زيادة كرمال اتخرج عل وقت,شو كيف دوامك هيدا الفصل؟ 
ايه ما كانت تدور السيارة معي الصبح,مرحبا. شفتك جاي مشي عل شغل اليوم
بعتذر. علقت بعجقة سير,صرني اكتر من نص ساعة ناطرك. ليش تأخرت؟
تأكد قبل انو في مي سخنة,انا فايت اتحمم
ايه. اعملي معك عمال معروف,تشرب شاي اخضر؟
شكرا! عيونك الحلوين,شو هل الجنينة الحلوة! لون الورد بجنن
معك حق. لازم اعمل رياضة,لازم تصير تهتم بصحتك. ما بصير هيك
لوين بدك تروح؟,بس خلص درس لازم اضهر غير شويت جو
ولو! انت من اعز الناس علينا,شكرا عل الهدية! كلكن ذوق
سلامة راسك. اعطيك حبة دوا؟ ,حاسس راسي كتير عم يوحعني
شكرا! هول ستي  خيطتلي ياهن,طالع هل التياب الحلوين!
تعرفنا عبعض بالجامعة,شو ما بدك تخبرنا كيف تعرفت عل العروس؟
لا بعتذر اليوم مفول. بدك بكرا؟,فينا نعمل الحجز الليلة؟
الحمدلله. هوي شوي تعبان بس ماشي الحال,صرلي خمس سنين مش شايف ابوك. كيف صحتو؟
كتر خير الله الحمدلله عل نعمة الصحة,يخزي العين مش مبين عليك الكبر
يلا جيت جيت,يلا بسرعة بسرعة! حنتأخر
ما في شي محدد. بس اكتر شي بحب الأكل اللبناني,شو اكلتك المفضلة؟
حبيبي ما بتقصر! شكرا,ليك ايا نصيحة بدك ياها انا بالخدمة
خير شو في؟ شو صاير معك؟,انشاالله بحكيك بس ارجع من المستشفى
ايه ما في مشكلة. شي ساعة وبروح,بتقدر تروح تجيب دجاج وكزبرة؟
صح بس يمكن ما معنا وقت.,لازم نشطف البيت قبل ما يجو الضيوف
فكرني عم اتمسخر عليع بس انا ما اتمسخرت,ليش علقت انت ورفيقك؟
يا زلمة خليك قاعدين,يلا صار لازم نروح.
بيسيطة يعطيك العافية. جمعتين وبترتاح,كتير تعبان ومضغوط من الدرس
جيب شي جاهز,محتار شو بدي اعمل غدا
بسيطة. اليوم بليل منقرا الكتاب بيمشي الحال,يا زلمة ما فهمت شي من المحاضرة
بدي كمل دكتوراه,شو حتعمل من بعد ما تتخرج 
بعدني ما بعرف شو ممكن اعمل,شو حتعمل بالصيف؟ 
بيي استاذ رياضيات بالجامعة,شو بيشتغل ابوك؟
يا لطيف! الله يرحموا ويحسن اليه,جدي توفى مبارح
شو هل السؤال الغريب,شو رأيك اهم الذكاء العاطفي او الذكاء الفكري؟
يلا  خمس دقائق وبكون حاهز,لك يلا خلصني صار لازم نروح!
ماشي الحال الحمدلله,شو كيف الدرس؟
اوف يا لطيف شو بتنق,واخيرا خلص الفيلم! ابشع فيلم شايفو بحياتي
بعرف احكي عربي و انكليزي وفرنسي,كم لغة بتعرف تحكي؟
عفوا فكرتك بتعرف,ليش ما قلتلي انك مزوج؟
ايه كتير!  غيرت جو الي زمان مش ضاهر,شو انبسطت بضهرة مبارح؟ 
بعتقد حكمل ماجستير,شو حتكمل ماجستير او حتشتغل من بعد التخرج؟
عشر ليرات بس. حسيتو مش كتير غالي,اديه دفعت حق الكتاب؟
وانا كمان! نفس الشعور!,شو هل الضهرة الحلوة! انبسطت كتير
انشاالله! من وين حتجيب طوب التخرج؟,حفلة التخرج حتكون حلوة كتير! 
ايه بس ناقصو شويت ملح.,مرحبا.  انشاالله الأكل على ذوقك؟
صح وخاصة موسيقى فيروز,مش معقول ما احلىى الموسيقى الرايقة عالصبح!
ليش؟ حضر منيح وماعليك. وانا جاهز للمساعدة,شوي موتر من اجتماع  الجمعة
فاتو  ناموا  بكير,شو ليش مافي حدا؟
ايه طلعت الأول عل دفعة! ,شو مبين عليك محمس!
ماشي تصبح عل خير,لازم فوت نام بكرا عندي شغل بكير
بدي نضف البيت واطبخ ,شو حتعمل اليوم؟
ايه مش عم يجيني نوم,بعدك فايق؟
ايه فكرة حلوة!,ممكن  نعمل غدا لكل الي بشتغلو بالمعمل؟
عطلة بمناسبة عيد المعلم,ليش نهار الخميس عطلة؟
ايه مش غلط. بس وين حتتصيدو؟,تروح تتصيد سمك معنا نهار الجمعة؟ 
حسيت حالي تعبان شوي ما رحت,ليِش بعدك بالبيت؟ مش مفروض تكون بالمدرسة؟
ايه شي بيسم البدن,قريت الجريدة اليوم؟
قهوة اذا ممكن,بتحب تشرب شي بعد الغدا؟ 
لا شكرا شبعت,بدك تاكل شي بعد؟ 
جيب فحم وغراض السلطة,ماما شو بدك جبلك غراض؟ 
ممكن نعمل سمك مشوي؟,شو بتحب تتغدى اليوم؟ 
كان في عجقة سير كتير,شو ليش تأخرت 
اها! ليش اليوم بدك تطبخي  فاصوليا,بدي روح عند اللحام جيب لحمة للفاصوليا 
خلص اشتري وحدة جديدة,خربت الغسالة! هاي تاني مرة بتخرب بظرف شهر
ما عندي وقت,لازم تنضف غرفتك
الحمدالله حظنا حلو.,ما كنت متخيل انو تنجح خطة السفر
ايه بنصحك اكيد. بدك شي كوميديا او شو؟,بتقدر تنصحني بشي مسلسل حلو احضرو؟
اكيد!  ليش لأ,بتحبي نرقص سوا؟
ايه مش غلط. بس اديه بتكلف؟,شو رأيك نستأجر سيارة ونلف فيها  كل المنطقة؟
مين؟ ما تقلي رفيقك المزعج,حزار مين شفت مبارح
كمان! ليه بتضلك مقطوع من المصاري؟,فيك اديّني خمسية الف؟
بشو بدي اجي؟ النقل العام متعب و مش مريح,ليش بتجي بسيارتك عل شغل؟
اليوم واحد آذار,اديه اليوم في بالشهر؟
لا هيدي تاني سنة,هيدي اول سنة لألك هون؟
انا كمان. والله بيستاهلوا  كل  خير,انبسطلن  كتير انشالله بيتهنو
اطبخيها افضل. ما باكل لحمة نيّة ,بتحب تاكل الكفتة نية او بطبخلك ياها؟
كرت شو؟ ايا عزيمة؟,وصلك كرت العزيمة؟ 
ليه؟ خلي املك بألله كبير فترة وبتمرق,فقدت الأمل بكل شي
يلا لحظة لألبس عليي,اليوم الأحد. خلينا نضهر نشم شويت هوا  نضيف.
لا ما تروح يمكن تشتي الدنيا,عم فكر روح امشي بعد الغدا 
انت نقي لي بدك ياه وتكرم عينك,شو حتجبلي هدية على عيد ميلادي؟
والله تعبان كتير من ظروف البلد الصعبة,مبين عليك قلقان. خير صاير معك شي؟ 
ايه اكيد  الدنيا برد ما فيك تضهر من دون جاكيت ,ليك ممكن تعيرني جاكيت من عندك؟
ايه لاحظت!  لازم ناتقي و نسمع سوى,لاحظت انو طلعنا منحب نفس نوع الموسيقى؟
اشترك فيها بصير فيك كل يوم تفوت,ياريت لو بيسمحولي فوت عالمكتبة
لا بعد  ازا  مستعجل انطرني برا ,شو جهزت؟
ايه. صرلو مجوز اختي عشر سنين هلأ عرفت؟,هيدا صهرك؟
سافرت انا والعيلة عباريس,وين قضيت راس السنة؟ 
لك ايه!! يمكن نربح الماتش,واخيرا حطو غول!
لا بعتذر مشغول ما فيني,بدك نتغدى سوى نهار السبت؟ 
لأن كنت عم قطع بصل,ليش عم تبكي؟
يا عمي روق مش مستاهلة هلقد,يا خيي بلش دمي يغلي بدك تحل عني او لا؟ 
ايه اكيد. شو بدك تقدم؟,ليك بتساعدني شوي بموضوع القروض؟ 
بدي سندويش  لبنة مع زيتون,شو بدي لفلك؟ 
شوب. قالوا عل اخبار انز درجة الحرارة حتكون ثلاثين ,كيف حيكون الطقس بكرا؟
لا حبيبتي عندي درس,انا رايحة كزدر تروح معي؟
ليش لازم؟ ليش أنا يعني ما في غيري ؟,لازم تترشح عالأنتخابات 
ايه ما جبت معي شمسية,شو كنت ماشي تحت الشتا؟
دقيت وقلتلن اني مريض,ليش ما رحت عل شغل؟
والله وجعت راس كبيرة,شو كيف الجامعة؟
بتفضل الجامعة الخاصة او الرسمية؟,مش عارف على ايا جامعة بدي قدم
هلأ بجيب حطب مع شويت مازوت,كيف بدك تولع الصوبا؟
اوف ليش شو صاير؟,هيدا اسوء نهار بحياتي عالأكيد
صح وما في خطط لتنحل الأزمة,مستوى التلوث مرتفع وخطير كتير
مش عارف. شو عبالك أنت ؟,شو بتحب نعمل الليلة؟
خراس. عروف حالك مع مين عم تحكي,ليك بتلزم حدوداك احسن ما كسرلك راسك.
ما بعرف بس اكيد مش اكتر من عشرين كيلو,اديه وزن الشنطة اللي معك؟
ايه بجي اكيد. بأيا بستان منا نبلش,تجي تساعدنا بقطف الزيتون؟
اذا قدرت اكيد. شو بدك ؟,ممكن اطلب منك طلب وما تخيبني؟
مش دايما. بحسو جدي كتير,مهضوم استاذ الرياضيات
لا مش جاي عبالي ,تروح عالصيد بكرا؟
شو هيي؟ شو بدك ؟,ممكن تعملي هالخدمة؟
لا شكرا حبيبي ,حأعمل شاي اعمل حسابك؟
لك مش عم اسمعك منيح!,لك ليش مش عم تنقبر ترد؟ 
بخلص عل ساعة خمسة,ايا ساعة بتخلص؟ 
مافي شي كلو عن الأنتخابات,شو في اخبار اليوم؟
ايه مرة وكانت بتقرف,شي مرة مسافر على السفينة؟
ما فينا نعمل شي,شو منا نعمل
حيالا شي لجبران خليل جبران,شو كتابك المفضل؟
متساعدني حل عني بس!,كيف بقدر ساعدك بهل حالة؟ 
ما نقيتن سجلت الموجود,كيف نقيت المواد تعولك؟
ايه كلن عنصريين ,حدا الك شي كرمال لون بشرتك؟
وين الصف تعولك؟,بتقدر تساعدني اوصل عالصف؟ 
تلعب شطرنج,تعا نلعب لعبة
ما بعرف اول مرة بشوفها,مين هيدي لي واقفة حد الشباك؟
بفكر وبردلك خبر,انا بنصحك تشتريها للسيارة مش ممكن تلاقي احسن
عادي حلو ما اشبو شي,شو كيف كان نهارك
ايه بلبل بالفرنسي,بتعرف تحكي فرنسي؟
ماشي الحال. العلاقة رسمية متل ملازم تكون,كيف علاقتك بمدير الشغل تعولك؟
بالمدرسة الرسمية,بأيا مدرسة حاطت ولادك؟ 
ايه كل يوم بنام ساعة اوساعتين,بتقدر تنام بعد الضهر؟
مبلا اكيد يلا الحقوني,شو مابدك تفرجينا عل بيت؟
ليش ما خبرتني قبل؟ شو رايح تعمل,انا مسافر الخميس على دبي. بتوصيني شي؟
والله صرلي فترة مشغول. انت كيفك شو اخبارك؟ ,وين هل غيبة عاش مين شافك!
بتصدق مش جاي عبالي اضهر اليوم,اليوم مثالي لنعمل جولة بالجنينة
كنت عم اتحمم وقت اتصلت,اتصلت فيك مبارح ليش ما رديت؟
مش معروف ايمتىى بس مفروض اخر الشهر,ايمتى حتخلف مرت خيك؟
سافر يشتغل بالسودان,لوين سافر خيك؟
ايه معك حق انا تعبت كتير,صرلنا من الصبح عم ندرس خلينا نرتاح شوي
ليش؟ مش غالي كتير؟,افضل محل للسكن هوي راس بيروت
لا شكرا ما بدي روح. ازا في قريدس جيبي معك,بدي روح عالمسمكة اشتري سمك. تروح معي؟
لا مش اول مرة. انا مشترك هون وهاي بطاقة الأشتراك,اهلا! اول مرة بتجي لعنا؟
اليوم ما اجت بالمرة,ايا ساعة اجت الكهرباء؟ 
بس اسقي الزريعات. ما تعمل شي غير,شو بدي اعملك بالجنينة؟
اختي ليش ؟,مين هيدي لي اجت معك مبارح؟
البطالة. في كتير شباب وصبايا قاعدين بلا شغل,برأيك ايا مشكلة اجتماعية لازم الحكومة تركز عليها؟
عندي كلب. ما بحب البسينات,عندك بسينة او كلب؟
ليش غيرت رأيك؟ مش على اساس نروح عالسينيما,يلا فوت منسهر عندي اليوم
بشعة. كتير بكرهها ,شو كيف كانت المدرسة اليوم؟
ما تتأخر وما تبعد,رايح كزدر شوي بالسيارة
ولا شي. ما في بنفسي شي,شو بدك تتعشى؟
حبيت غير شوي,ليش مش جايب اكل معك من البيت اليوم 
معظم الناس بتحب الفوتبول,ايا اكتر رياضة مشهورة بالبلد؟
ولو هيدا اقل واجب,شكرا على تعبك معي. ما ح انسالك ياها
مش جاييني نوم,ما بدك تنام؟ 
يعني اخدت القرار النهائي. ايمتى مسافر,جاي ودعك بتوصيني شي؟
ايه الهوا كتير حامي,الطقس بشع كتير اليوم 
ايه! ضرب عامود الكهرباء,شفت البرق شو قوي!
هون بالضيعة,وين رحت مشيت؟ 
لا ابدا ما في حدا,كان في عجقة عالطريق؟ 
من المستقبل المجهول,انت من شو خيفان؟ 
ايه الي عندك صارت كتير قديمة,عم فكر اشتري سيارة جديدة
لا بعد عندي كم ورقة لازم اقراهن,خلصت شغل؟
درس كل النهار,شو عندك بكرا؟
اكيد ما تعتل هم,سوق على مهلك
والله خسرنا و بقوة كمان,شو ربحتو او خسرتو الماتش مبارح؟
"الحمدالله، احسن شوي بس بعدا تعبانة",كيف صارت امك؟ سمعت انو مريضة
اووه أخيرا صار فينا نقلك مبروك,اليوم عرفت انو انقبلت بالشغل اللي كنت مقدم علي
المفروض العاصفة يومين و بتخلص,"والله كتير برد، ايمتى بدو يصحا الطقس بقا"
"حبيبي اجلا شوي، نحنا آخر الشهر شو نسيت","خلينا نروح عالسينما بكرا، صرلنا زمان"
ايه حرام صرلو زمان ما شافن,شفت كيف صار يلعب مع رفقاتو
صرلي شي ٣ سنين مبلش شغل,عم تدرس بالجامعة او عم تشتغل
"نشاالله حبيبتي، بيكبر و بيطلع احسن مني",ياريت ابني بيكبر و بيصير متلك
"عم فكر روح زور الماما، زمان ما شفتا",شو عندك مشاريع اليوم
ماشي الحال و انتا,كيفك حبيبي شو اخبارك 
مرسي حبيبتي و انا كنت مبسوطة,"كانت طلتك اليوم بتجنن، الكل انبسط"
"لسا بكير، بعدا السهر باولا","تأخر الوقت شوي، يلا خلينا نفل"
"لا زمان تركنا، ما زبط الموضوع",بعدك عم تشوف نفس البنت
"والله كتير مشغول، بتعرف الدني و مشاغلا","كيفو الحلو، زمان ما شفناك"
"الواحد ما بيعرف ايمتا بيموت، ما تخلي شي بنفسك","في كتير اشيا عبالي اعملا، بس عم ضل مشغول"
"لا والله لسا، عم بقراها على مهلي","شو عم تقرا هالايام، خلصت القصة اللي عطيتك هيي"
"تلفون الشغل، مهم ايه؟", هيدا تلفونك او تلفون الشغل 
"حلو، شو مخطط تعمل، عشو ناوي",بكرا عيد ميلادي و بدي اعمل حفلة
"عنجد انو لقيتا كتير صعبة، ما كانت تزبط معي","ما تعتل هم، المرة الجاية بتزبط معك"
"اوف لا والله، كيف صارت","هلق وصلت عالبيت، عرفت انو بيك كاسر اجرو؟"
"بركي اول الشهر الجاي ، بتعرف وضع البلد",ايمتى ناوي تدفع الفواتير المكسورة عليك
"ماشي الحال، رواق","مرحبا، كيفنا اليوم؟ "
بدي اشتري غسالة بس تكون مستعملة,"اهلا و سهلا، كيف بقدر ساعدك"
اوف ليس هيا عاملة بحالك,عرس رفيقتي بعد كم يوم و لسا ما جبت فستان
"خلص اخر مرة بجيب غراض منو، شي بجرص",معش تعيديها و تشتري من نفس المحل 
"كل شوي بدك تقلي هيك، شو بعمل بطير يعني","استعجلك شوي، اذا هيك بتضل منتاخر"
ايه شافو والله ما تخاف,انتبه تدعس عالزلمي الي ماشي بنص الطريق
ما بعرف صرلي من مبارح مكركب ,"مبين عليك تعبان شوي، شو صاير معك شي"
ايمتى ما بناسبك انا كل يوم فاضي ما عندي شي,ايمت بدك تمرق فرجيك عالصوبيا اللي جبتا جديد
ايوا سماالله عليها اكيد بدا تطلع حلوة لاما," بنت رفيقتي طالعة كتير حلوة، عيونا خضر و شعرا اسود"
"تيتا ايه، بس جدي عطاك عمرو زمان",ستك و جدك بعدن عايشين
ايه والله العمر غفلة,"هالايام كيف عم تركض ركض، مبارح كنا صغار و عم نلعب "
"شو هالحظ اللي عليك، لو عارف كنت ذكرتك",نسيت انو تسجيل المواد اليوم و سكرو الصفوف اللي بدي آخدا
لا ولا يهمك واجبنا,"شكرا كتير عالمساعدة اليوم، قدرنا نخلص بكير بفضلك"
بعد حدا عم يسال هيك سؤال,كيفنا اليوم ؟
الله يوفقك وتوصل بالسلامة,اجا قبول السفر واسبوع الجاي انشالله طيارتي
لكان لازم صير نام بكير,شكلا المدارس رح ترجع تفتح
قلي لازم امشي كل يوم ساعة عل الاقل,شو صار معك عند الحكيم شو قلك كرمال اجرك
لا الحمدالله مهم نضل عم نشتغل,كيف الشغل انشالله مش تعبان
والله ما عم لحّق ع شي كلو ضغط بضغط!!,شو عم تعمل هالايام؟
و أخيرا رح تخلص هالأزمة قريبا,عم يقولوا نجح اللقاح
لا مش كورونا اكيد حساسية,ما عم شم و دوق لي قولك؟
"يلا بسيطة، بتقدّم عجامعة غيرها",ما قبلوني بالجامعة
"لي خير شو صاير، بركي لازم تروح عند الدكتور","كتير عم بتوتر هالايام، ما بعرف شو صايرلي"
"مزبوط الا حسناتا، بس الجبل احلى",الحمدالله انو عايشين بالمدينة
"اكيد بعرف، بس ما قادر وقفو",بتعرف انو التدخين بضر بصحتك
كتير بايخ و ما بينحضر,"مرحبا، شو كيف لقيت الفيلم"
يالله عال المهم يكونو انبسطو الولاد,اليوم شفنا فيل كبير بالسيرك
اكيد و اذا مش فاضي بفضي حالي كرمالك,فاضي شوي نشرب قهوة سوا
"مش اكيد صراحة، بس مفروض ساعتين","الفيلم شوي و ببلش، كم ساعة هوي على علمك"
بيروت هي العاصمة السياسية للجمهورية اللبنانية وأكبر مدنها,شو عاصمة لبنان
"الدولار صلر بالسما، قد ما بدك",ادي الدولار اليوم
"والله عاملين كبة بالصينية، اتفضل",شو طابخين اليوم؟
اكيد كل يوم عالاونلاين,عم تدرس بهل ايام ؟
إنو أكيد منا نخلص بقى من هالقصة والله تعبنا.,"شو رأيك بموضوع لقاح كورونا، ح تاخدو؟"
"ايه خيي، من وين جبتو",ليوم جبت كيلو عدس مدعوم
يلا صرت واصل,وين صرت؟
اشربي مي اكتر وخدي فيتامينات,حاسة حالي عم ضل نعسانة وكسلانة
اوووووه بالسما,قدي الدولار اليوم
ييي ألف مبروك تتهنو,ما عم صدق عرسي بعد شهر!
يلا بدك نضهر بكرا؟,عبالي آكل سوشي
الحمدالله ماشي الحال,كيفك و كيف كل شي؟
"صار طالع، شي ١٠ دقايق بس",قديش بعد في للغدا
لا الحمدالله مهم نضل عم نشتغل,كيف الشغل انشالله مش تعبان
"بعد في أسبوع، شفلك شي تعملو بهالوقت",ايمتى بيخلص هالحجر؟
سمستر واحد و بدي كفي ماستر,كم سمستر ل تتخرج بعد
اخصائية تغذية,شو دارسة اختصاص
طبعًا,عم تراكم عليك دروس
بهل بيت,شو تخطيطاتك لبكرة
"خدلك حبة بانادول، اذا ما في فوت نام شوي",عم يوجعني راسي كتير. شو فيني ساوي
"حسب آخر تعميم، ببلش الساعة ٨",دخلك اي ساعة ببلش منع التجول
ماشي الحال,كيف حال الدرس ؟
لا عندي دراسة,جاي بكرا ؟
اي اكيد ليش تما صدق ؟,بتصدق الكورونا ؟
بحب اسبح اكثر شي,شو اكثر رياضة بتحبها ؟
ايه بعد شي ساعة منلتقي,فاضي شوية نشرب قهوة
لأني لبناني برو,ليه هلقد تعبان يا زلمة
اي أكيد و حتحبا كتير,بتقدر تعلمني كيف أكتب برامج للأندرويد ؟
ان شاء الله مع الطعوم بتنحل الأزمة و بيخلص كورونا قريبا,كتير جاي على بالي سافر بس أيمتى بدو يخلص هالكورونا
"فيك تاكل شي خفيف، شو رأيك بالبسكوت مع موز. ","كتير جوعانة، اقترح شي اكله "
الله اعلم بس شكلنا مطولين,ايمتن بدنا نخلص من كورونا ؟
"بالتوفيق، الحياة هونيك الها غير نكهة",قررت سافر على إيطاليا لكفي تعليمي
منيح كيفك أنت ؟,كيفك؟
مبرووك حبيبي كتير انبسطلك,اليوم عرفت انه انقبلت بالشغل ل قدمت عليه
عادي بكل مسابقة هيك بصير,مبارح كان ماشي الروبوت وفجاه اتعطل
مكتبتنا بتبقى فاتحة بالليل,"مرحبا، ايمتا بتسكر المكتبة"
"وانا عجبتني، صرلي زمان ما حضرت شي حلو","المسرحية كتير حلوة، حتى انو بكيت بالاخر"
بلا هالافكار هلق انا ما حسيت بشي,مبارح حسيت انو في حدا عم يلحقنا
والله كنت مسافر اليوم جيت,يا هلا حبيبي زمان ما شفناك
"انا مش اختصاصي تصليح غسالات، بس رح اعطيك رقم حدا شاطر",مرحبا غسالتي خربت و ضروري تتصلح اليوم
"ياريت كل أيامنا تكون هيك، بس يالله هيدي الدني",كانت العطلة بتجنن ما معقول شو نبسطنا
شو نسيت انو ما بعرف كيف,شو ما بدك تسبح
"بعتذر حقك عليي، بس هيك حسيت ",معقول تفكر حتى انو انا كون سارقة تلفونك
ما تخافي كلو بيصسر سهل مع الوقت,هيدا اول يوم الي بالشغل و كتير متلبكة
صرلي ساعة بقلب ما لقيت شي بينحضر,في شي حلو عالتلفزيون
"يسلمو، خجلتوني بكرمكن","كول قد ما بدك، ما تستحي"
خلص عمرو حبيبي ,كتير شفقانة عالكلب اللي مات
اكيد ما عندي شي أصلا اهم منك,"اخدت موعد عند الدكتور هالسبت، تجي معي"
هههه كانك رح تلاقي شغل,عم بدرس هندسة
اوووف كل يوم مجدرة!,عاملين مجدرة اليوم
والله الحمدالله عايشين,اوووه شو وين هالغيبة؟
هيك لان ما بوثق فيك,ليش ما خبرتيني من الاول ؟
"ان شاء الله ؟ شو ان شاء الله، يعني مش رح شوفك.",ان شاء الله الاسبوع الجاي بشوفك.
"بعتقد معي پانادول، خدلك حبة بتنفع",راسي واجعني كتير اليوم!
والله تقريبن صرت اعرف احكي تركي,شو عامل عا هل حجر ؟
يلا بتخدلا يومين معك,بلشت رواية جديدة اليوم
دروس كتير,كيف فيني انجح ؟
شكلو أنا حإخلص وهيي لا,أيمتا يمكن تخلص جائحة كورونا؟
تخطى سعر صرف الدولار عتبة ال١١ الف ليرة لبنانية,شو ابرز حدث صار اليوم
خليك بالبيت كرمال كورونا,لوين بدي اضهر اليوم
معي حبتين بنادول بدك؟,آخ راسي عم يوجعني
يييي الله يعينك!,اليوم شفت حبيبة قلبك
طبخي ايا شي بس مش مجدرة,ما عارفة شو اطبخ اليوم
امشي نروح على الجيم و ناكل صحي,ما عارفة كيف نزل وزني كتير متضايقة
والله انقطع الإنترنت و ما معي ٣جي,شو صار معكي مبارح ما رجعتي اتصلتي؟
يلا ما بقيلو الا شهرين,يا الله اشتقت للصيف
بطلبلك ديليفري؟,ما بحب المجدرة
انا بعملك اطيب دونتس!,عبالي دونتس!
انا هون حدك و اصلا بهل وضع كلنا هيك,حاسة حالي كتير مكتئبة
ييي منيح ما كنت معك ما كنت خلصت من الضحك,اليوم كنت وقعت عالدرج
عنجد! معناها بعقد مش معقول,سمعي هل غنية كتير حلوة!
يلا شو ناطرة قوليلي اسمو بسرعة!,جبتلك اسم مسلسل جديد لازم تحضري!
والله غاطسة بالدرس,لك وينك ما عم نشوفك؟
كان مطفي,ليش ما رديتي على تلفونك اليوم الصبح؟
الله يخلصنا من هل كورونا بقا و انا كمان عبالي,شو عبالي سافر!
شو مجنونة انتي؟ اشبك شي!,كتير عبالي اعمل سكاي دايفينغ!
امشي نروح اسبوع الجاي انا فاضية,صرلي زمان ما سبحت
و انا بالأكتر حبيبي,لك مش معقول شو اشتقتلك
لا!! منير ما غيرو؟,حزري مين حكاني اليوم!
احسن شي جيبي قجة هبكي بتطصيري بتصمدي,ما عم اعرف صمّد مصاري
طلبنا مناقيش جريش,شو فطرتوا
كالعادة محجورين بالبيت روح انضب,شو عاملين اليوم بالسهرة
ايه يا برو حالتي حالي كتير الو عوارض,طمني يا مان عرفت انه اخدت الطعم
و مين سمعك كلنا بالهوا سوا ولادي جننوني,والله يا اختي عم عاني مع ولادي بالتدريس
لا قبل شوي تغيديت.. شو بدنا ناكل !,جوعاني ؟
انسى مستحيل متل وطاويط الليل,لك يا زلمي هول ما بنامو
ايه و شو المطلوب! سكرنا المطعم لليوم لبكرا و عليك خير,مامااا انا جوعاني
يعني بعد كم يوم ؟ ايمتى ؟ اي ساعه ؟ شو بدي البس؟ شو بدنا نجيبلو هديه,اسبوع الجايه عيد ميلاد علي بدنا نروح انشاءالله
بكرا بس قولك شو رح يسالوني,ايمتى عندك مقابله الشغل
شايف بعدنا بالشتى و هيك الله يجيرنا,شو هل الشوب ولووو
"لا ما بدي، كتير بخاف من المرتفعات",شو رايك نجرب التلفريك هالاسبوع
والله ما عندي فكرة ما معي ساعة,حدا بيعرف قدي بعد في وقت ليبلش المسلسل
"ياعيني، ، كيف لقيت المتحف، عذوقك؟",مبارح زرت متحف الشمع لأول مرة بحياتي
"اكيد، شو الاسم الكريم","مرحبا، ممكن نتعرف"
الصيد بدو صبر و طولة بال,"ليش هلقد بتحب الصيد، والله انا بضيق خلقي"
والله التهيت بمحل التياب و راح عن بالي الوقت,"فكرت حالي ضيعتك، وين ختفيتي فجاة"
"يا هلا، اسه والله طقس حلو","صباح الخير، شو هالنهار الحلو"
لو سمحت بدنا نحجز طاولة ل ٢٠ شخص اليوم,"اهلا، كيف فيي ساعدكن"
"صح، و التغيير مش سهل",والله حاسة كل شي عم يتغير والدني مشقلبة
"كتير، توفقت بشغل حلو و بريح الراس",ما قلتيلي اذا بتحبي شغلك 
"يا هلا، لا ما بعتقد","مرحبا، كان تقابلنا من قبل"
ما بدي و أصلا انا مش معصبة,ممكن تريحي اعصابك شوي و بلا خناق
"انا مش بالمود، و ما قلي خلق",ايمتى ناوي تنضف غرفتك
اوف خير شو صاير شو اشبا ,اليوم اخدو اختي عالمستشفى
"في القلعة البرية و البحرية، هول احلى شي",شو في مناطق حلوق اقدر زورا بالمنطقة
"مرحبا جار، ايه و نحنا نبسطنا انو انت جارنا","مرحبا، انا جاركن الجديد، تشرفت بوجودكن بالحي"
عادتن بجرب هدي حالي و بسال حالي أي معصب,شو بتعمل لما تكون معصب
"لا ولو، نوعدنا فيك",انا بعتذر بس ما قادر اجي
طيب خلينا نقوم نقعد بالشمس,بردانة كتير لدرجة انو عم برجف
"مين بيهتم، المهم تكون حلوة",كتير غبية هالانسانة
"كيف يعني، شو هالآحاسيس هلق",لما نكون سوا بحس انو الوقت ما عم يمشي
حبيبتي وين بدن يساعو هول,بعرسي بدي اعزم كا اهل الضيعة
يالله رح دقلو شوف وينو,"أخيرا وصلتي، و بعد في التاني ليش هلقد ماخر"
"ما بعرف، شكلا مضايقة و عم تفش خلقا فينا",ليش المعلمة هيك صارت تعيط بنص الصف
"المفروض، فيها كذا معلم سياحي لان",المنطقة اللي ساكن فيها تعتبر اثرية
"الحق على خيي الزغير، بدي كسرو",ليش هيك وجك كلو شحابير
ايه و صار عندي رفقا جدد,"كبف المدرسة الجديدة، مرتاح"
"عيلتنا كتير كبيرة، في شي ١٥",ك ولد انتو بالعيلة
سقطت بامتحان السواقة و كتير مضايق,"شو بيك، مبين زعلان خير في شي"
بحس حتكون خطرة الشغلة بلاها,"يالله خلينا نروح عالمغارة، ليش خيفان"
مبلا اكيد مبارح اشتريتا و اليوم تفريغا,اشتريت السيارة عروقك او كيف
بدي استعير كتاب كرمال ادرس منو للامتحانات," المكتبة شوي و بتسكر، كيف فيي ساعدك"
لا خير في شي,سمعت الاخبار
"العما شو هالايام اللي وصلنالا، كبف نسرق؟","في خبرية مش حلوة، انسرق بيت رفيقنا اليوم"
ايه لحظة هلق بجيب ورقة و قلم,لازم نتفق عاسماء الناس اللي بدنا نعزما
اه ايه يالله هلق بفيقو تيحكيك,"مرحبا، ممكن تخبري خيك انو انا اتصلت و ناطرو"
بكرا الفجر طيارتي,ايمتا مسافر من غير الشر
عنجد كتير انبسطنا,كانت الحفلة روعة
ثواني بخلص اللي بايدي و بشوفا,هلق وصلتك رسالة فيك تشوفا لو سمحت
حيالله محل غير هون,لوين بدك تسافر و مع مين
هوي الصبح كانت مشمسة ما بعرف شو صار,مبارح نسيت شمسيتي و شتت عليي
طنجرة و لقت غطاها,هول التنين بروحو عالمطاعم سوا و دايمان مع بعض
كتير متعب بس منقول الحمدالله,شو كيف الشغل الجديد
"احلى شي السفر، ،اكتر شي بحب تركيا",بتحب السفر كتير او بيتوتي
"اوف سلامتك، طمني بس تصح",ما رح اقدر اجي اليوم معي اسهال
ماشي الحال أوضاع ما منيحة بس منقول الحمدالله,"كيفك شو الاخبار، الكل بخير"
الأسبوع الجاي عندي شغل بركي اللي بعدو,شو رايك نمشرعا عالبحر الأسبوع الاجاي
اليوم كان عيد ميلادي و ما حدا تذكر,"شو بيك كانو مش رايقة معك، صاير شي"
عطيني اخر فرصة و بوعدك اتغير,ايمتى حتوقف شرب؟ انا معش طايقة هيدا الوضع
طول بالك بعدو السمستر باوله,"وأخيرا خلص الصف، زهقت حياتي يا زلمي"
مرسي ينعاد عليكن بالصحة و العافية,كل عام و انتو بخير 
بحب انزل عالقهوة و اشرب ارجيلة,ايه و شو بتحب تساوي باوقات فراغك
خيي الزغير هوي و عم يلعب,مين كسر القزاز
هوي انا و يادوب شايف,فيك تقرالي شو مكتوب بليز
لا والله الوضع موتر كتير,كيف كان الاجتماع؟ رواٍق؟
شو رايك نقغد وراورا في محلات,وين بقعد كتير في عجقة
ايه جاهزين يالله,شو جاهزين
ما بحبو كتير,شو رايك باللون هيدا
كيف بدي هدي اصابي!,لي متوتر؟ هدي اعصابك
نص ساعة و بيخلص روق,صرلك ساعة ما كان يخلص الفيلم
اوف حدا بينسى هيك شي,نسيت جيب معي اللابتوب اليوم
ايه كاتبين اشيا مهمة,شو عم تقرا بالمجلة مبين
شو بدنا نعملا بس توصل,عم بقولو الأسبوع الجاي جاي الماما من السفر
ولو نحنا بالخدمة,مرسي كتير عالمساعدة
زهقت عيشتي,كيف كانت الحفلة مبارح
لي في شي ما فاجاني بالجامعة,شو اكتر شي فاجآك بالجامعة
زرت ستي,وين رحت مبارح
اوكي شو بدكن,بدنا غراض للبيت
وانا عبالي قريدس ,عبالي معكرونة بالبشاميل
"انا من لبنان، بس عايش باميركا",من وين انتا؟
عم بحضر تلفزيون,شو عم تعمل
اكيد كيف بقدر ساعدك,بدي قدم على منحة فيك تساعدني
نحنا ما حسينا لان شغلنا الدفاية,مبارح كان كتير برد 
حلو ما اشبو ,شو رايك بالمسلسل الجديد
ريح جسمك و خود بانادول,حاسس حالي بدي امرض
استفرغت مرتين الصبح,وجك مصفر كان شايف شبح
"ايه، عندي شي ٢ قريبين مني كتير",عندك رفقا باميركا
شكلني مهموم كتير ايه,مبين عليك مريض كتير
لا ما بعتقد,كان شايفتك من قبل
ربحت اللوتو اليوم,شكلك مبسوطة كتير شو صاير
خلص الأسبوع الجايي,عم نحكي كتير عالتلفون بس لسا ما شفتك
فتش على شغل,شو رح تعمل بس ترجع من اميركا
بدي كفي دكتورا,شو مشاريعك بعد التخرج
منغدى سوا احلى شي,شو بدك نعمل اليوم
لازم كرمال صحتك,بدي بلش دايت نصحانة
انشالله نبسطو؟,اليوم رحت عالملاهي مع رفقاتي
الحمدالله كبرانين بسلمو عليكي,كيفن الولاد صرلي زمان ما شفتن
يالله بعدلو شهرين و بيخلص,ناطر مناطرة ليخلص السمستر
لا ما في أفلام حلوة,شو رايك نروح عالسينما
طفران و ما معي الف بجيبتي,فيك تديني مصاري لاخر الشهر
يا هلا و انا اشتقتلك,اهلا و سهلا اشتقنالك
ايه شمس و برود,الطقس كتير حلو
اكيد اهلا و سهلا,"مسا الخير، فيي اقعد حدكن"
ما بعرف ما قلنا الدكتور لسا,شو طلع جواب اخر سؤال
بعتذر هلق بوطي,صوت الراديو كتير عالي
بيشتغل بمطعم,شو بيعمل رفيقك بالحياة
في واحد آخر الشارع و كتير آدمي,بتعرفلك شي ميكانيسيان شاطر
تمام والله كل شي ممتاز,كيفك و كيف ايامك
لخلص الجامعة بالاول و كلو منيح,ايمتى بدنا نفرح فيكي و نشوفك عروس
ما قلي خلق و تعبان,ليش ما بتنضف اوضتك
حلينا نضهر لكان نغيرلك جو,اليوم كتير تعبان ومهموم
ايوا الف مبروك,خيي انضم للجيش مبارح
كل شي هالايام ما عم يكون سهل,الجامعة صايرة كتير صعبة و مزعجة
صح شوب و قرف,بكره هالطقس
اليوم الخميس,اليوم شو
تعبانبن شوي و يمكن ما يقدرو يجو بكرا,كيف التيتا و جدو
تروح و ترجع بالسلامة,انا مسافر الأسبوع الجاي
كتاب جديد هدية اجاني,شو عم تقرا 
يالله شوي و بجي,خلصت الترويقة
اووه بس انا ما بحبا,عاملين معكرونة بلحمة عالغدا
ايه بس الجامعة بعد احلا و احلا,المدرسة احلا فترة بحياة الولد
بدي اتعشا عند رودستر,شو مشاريعك بالليل
شو سميتوها؟,اشتريتنا بسية جديدة اليوم
كآن كتير طول و زهقنا,بعد ٦ أسابيع بيخلص السمستر
بحس الفريق الآحمر,مين اولك بيربح اليوم
بسلمو عليك الكل بخير,كيفك حبيبي و كيف الولاد
يالله نص ساعة و بكون عندك,بدي احكيك ضروري
من وين بدنا نجيب قهوة هلق,المكنة منزوعة
متت والله لوصلت لهيدي المرحلة,مبروك ربحت الماراتون
اوكي حبيبي ,بدي الطابة الزرقا
تمام انتا كيفك,صباحو كيف الحلوين
ايه و العشا طيب,كتير انبسطت بالقعدة
اوه منيح زكرتني,اخدت المفاتيح
ايه و انا هيك,ما بحب الأفلام الكوميديا
ايه خصوصي أفلام السيارات,بتحب الاكشن 
ايه سهران عالشغل,مبين تعبان
يالله هلق بمرقلك ياه,فيك تعطيني صحن اللبنة
من السوق,من وين جايب كنزتك
الأسبوع الجاي كلو بيفتح,فتحو المطاعم او لسا
بكير والله,مضطرة انو فل هلق
ايه مش مرتاحين هون,فكرتو تنقلو بيتكن
فينا ناكل برا,شو العشا اليوم
شايف وضع البلد,لسا ما جبت اخبار حلوة
ايه و ازا بالجبل احلا و احلا,بتفضل البيت الزغير ؟
بدي امرق عالماما ارجع كفي عبيروت,كيف طريقك الليوم ؟
لازم ريح جسمي,شو قلك الدكتور
رايح عالاسوأ,كيف وضع البلد ؟
هلقد جوعان,بدي اطلب اكل
وهني بحبوها اكتر,هالمغلمة كتير بتحب تلاميزا
صح الوعي ما بينقاس بالاعمار,العمر مش دليل عالوعي
يسلمو حبيباتي,ماما جبنالك ورد
دخل رواقك,بحي الامحل النضيف و الرايق
بسلم عليك,كيفو الحلو
لو جابو اسهل شو كان صرلو,الامتحان كان كتير صعب
مش كتير,عجبتك الحفلة
ما حبيتو كتير,شو رايك في ؟
مبارح كنت و ما في شي حلو,اليوم ضاهرة عالسوق
صح الغلا ما طبيعي,الناس جانة على هالاسعار الجديدة
وين بتحب نتروق,ممكن نروح نتروق سوا بكرا ؟
تعب كتير ,كيف الشغل ؟
ايه حقك,راسي مش عم يتحمل توتر
طب فوت نام,نعسان كتير
ايوا مش لتخطبي بالاول,انا بدي اعزمك على عرسي
ما تعتل هم,كتير متوتر من امتحان السواقة
ما قدرت و ما في وقت,ليش لسا ما غسلت السيارة ؟
بحب الأزرق و الأحمر,شو اكتر لون بتحبو ؟
موفق حبيبي,عندي امتحان بكرا
ايه شو عم مثل,عنجد انو مريض كتير
ايه ماشي الحال ,كيف الصحة كلو رواق
نازل على الدكانة جيب غرضين و جايي,لوين رايح ؟
ليش شو بدك ؟,يعطيك العافية شو اسم حضرتك ؟
الدرس! عم اشتغل على مشروع التخرج,شو مسهرك لهلق؟ 
الحمدلله. متعب شوي بس تمام ,كيف الصيام معك؟ 
ما بعرف. ليش عم تسأل ؟,ايا ساعة حتفيق بكرا؟
عندي تدريب صيفي,شو حتعمل بس يخلص هالفصل؟
حبيبي عقبال عندك,مبروك التخرج يا باش مهندس! 
ايه عالحجر,مبين نصحان!
حنتجمع كلنا اول شهر اربعة. بتحب تجي؟,فيك تخبرني اكثر عن حفلة الربيع؟
لك برافو عفاك!,قررت وقف تدخين 
لا ما عرفت. مين؟,عرفت مين حيتجوز؟ 
ايه ما في شي مستاهل,ما تخلي ببالك شي وما تعصب
وانت بخير حبيبي,حتصير  نص ليل! كل عام وانت بخير!
شوربة وفتوش ومنسف,شو حتعمل اكل عالأفطار بكرا؟
منقوشة جبنة وسجق,شو تسحرت؟ 
شيل التلفون من ايدك وركز,يا زلمة كتير عم ضيع وقت
محدا محدا,شو مين شاغلك بالك؟
حصلي الفجر ونام ,ايا ساعة حتنام؟
ايه هياني قايم ,ما تنسى تفرشي سنانك قبل ما تنام 
لا بقدر احملن  لحالي شكرا,انتبه كتير تقال. احملن معك؟
لا بعدني تلميذ,انت بتشتغل شي؟
كتير شوب البس عليك الكنزة,طفي المكيف تلج قلبي!
انسى تعبان من الصيام,لازم نروح نمشي بعد الظهر
ليش؟! القعدة ما بتحلا بلاك,انا مش جايي الأحد روحوا بلاي
بشوف وبردلكن خبر,اذا ما بتقدر تجي الأحد منعملها السبت
ايه. حتكون صعبة عليي بس لازم اعملوا,حتسلم الفرض عالوقت؟
حبيبي ما تواخذني ,انا ما بعتب عليك بعتب عالظروف 
جيب ربطة خبز للغدا,ماما انا ضاهر بدك جيب معي شي؟
بابا راح يجيب فروج,شو بدكن تتغدو؟
ليش؟ قلي شو بدي جبلك مش ضروري تروح,بس تروحي تجيبي اللحمة بدك تاخديني معك 
عالساعة سبعة,على ايا ساعة الأفطار 
انسى ما بكون الي خلق اتحرك بعد الأفطار,تروح تلعب فوتبول بعد الأفطار؟
لا مش عم روح لعندو بسبب الكورونا,شو علقان مع الحلاق؟
لا بعد شوي بقوم,صليت؟ 
بعدني مش نايم ,ليش شكلك تعبان؟
يلا قمت قمت,يلا فيق بدي ابعتك عالمصبغة 
يمكن عمو ينزل,مين حينزل يجيب بيّك من المطار؟
يلا بس لألبس عليي,يلا قوم حضر حالك  لنروح نكزد شوي
عم ادرس مضغوط,ليش حابس حالك بل الغرفة؟ 
لا ما بدي. بدي اكلها مسلوقة ,بدك تاكل بطاطا مقليّة؟
بالبيت. ما الي نفس شوف حدا,وين بدك تحضر الماتش اليوم؟
مش معصب حل عني,ليش معصب؟
لا ما شفتا,شفتيلي وين حطيت علبة الدوا؟
حاضر. جبلك معي شي؟,سوق على مهلك وما تتأخر
مش عم طلع صوت,بدي نام معش اطلع صوت 
ايه مش غلط,انا عم فكر ابقى انا و ياك سهرانين للصبح
لا ابدا مش عم يكون عندي وقت,عم تحكي حدا من اصحابك؟
يسعدلي هالصباح يا قمر.,صباح الخير يا حلو
الحمدلله بسلم عليك,شو كيفك شو اخبارك؟ كيفو بيّك؟
حبيبي انشالله ,خلي قلبك قوي وما تخلي شي يهزمك 
هون بالضيعة عم اعمل رياضة,لوين رحت ؟
عندي خمسة ,كم امتحان عندك؟
بعد اسبوعين,ايمتى بتخلص جامعة؟
ليش بدي سكرو؟,سكر هيدا الباب
حلو  اتسليت ,شو كيف كان درس الخياطة اليوم؟
ايه لازم,لازم نروح بكرا نسلم على جدو
حوالي الأربعين ,كم وحدة بعد عندك؟
ما في شي,شو في ما في؟
ما شي. منّا ننطر الفرج,شو مفروض نعمل هلأ؟
ايه بس متوتر شوي ,شو جاهز للسفر؟
ماشي يلا انا جاهز,خلينا ننزل عالبستان انقطف ليمون
هون أول الطريق في بنشرجي,وين منا نزبط دولاب السيارة؟
بعد شي ساعة,ايا ساعة بدك تتحمم؟
ليش انا شو عاملك؟,مش طايقك 
احترمي حالك ,شو هالتفكير الي عليك! بقرف! 
ما الي خلق ,تعى اسقي الزريعات 
الدولة. اجت عالساعة ستة,هيدي كهربا الدولة او الأشتراك 
مش جاي عبالي,يلا تعى عالأكل
كلن بعد اسبوعين ومنخلص ,تعبان من كل شي وما الي خلق عشي 
قوم مين مانعك ,نعسان بدي نام 
نسيت قلو يشرحها,قلتلك بدي المنقوشة مشروحة ليه جايبها هيك؟
عمال معروف بدي وصي عمناقيش للسحور,"الو, تفضل كيف فيي اخدمك؟"
"مش عم ابكي, عيوني مدمعين من البصل",ليش عم تبكي؟ 
صح لازم نروح نزورن,لازم تروح تزور بيت جدك 
عم فيق شوي مأخر. ليش؟,ايا ساعة عم تفيق؟
لا ما خلصت بس اخد استراحة ,خلصت شغل؟
صح معك حق,ما بيسوى اتضلك تشتغل هيك لازم ترتاح
مني متضايق ابدا,ليش متضايق شو في؟
بدي فروج وفتوش,شو بدي اسكبلك بصحنك؟
ايه حاضر,تعملي فنجان نسكافيه؟
منيح ماشي حالوا ,كيفو بيك؟
نهار الأربعا بجيب من عند اللحام وبعملك,جاي عبالي اكل بفتيك 
ايه اكيد,بتقدر تنشرلي الغسيل؟
ايه حطيتو و سكرت عليهن,حطيت الأكل للدجاج؟
ايه سقيتن,سقيت الزريعات؟
جيب فواكه مشكلة ,شو بدي جبلك من عند الخضرجي؟
عمري تنين وعشرين سنة,اديه عمرك؟
ليش عم تسأل؟ ,انت من وين؟
والله مش عارف بعد,شو مشاريعك بعد التخرج؟
وليش ما بلشت؟,كنت ناوي اليوم بلش درس
ما بعرف,شو عاملين دبيحة عالعيد؟
حبيبي شكرا ,نشاالله بتقدم و بتنقبل 
لا ما شفتو. ايمتى ضيعتو؟,ليك شفتيلي التليفون شي؟
هياه حدك,ناولني كيس المحارم
تكرمي عشر دقايق بكونو جاهزين,بدي تنين كيلو ريش غنم وكيلو شقف للشوي
ليش شو في؟,يلا قوم صارت الساعة سبعة
بس تيجي الكهرباء,حميلي الأزان بدي اتحمم
حاضر,حط الكمامة قبل ما تفوت 
انشالله  بتهون,والله البلد كلو غلا بغلا تعبت
جاهزين. حطيتن بالسلة لي حد الحمام,جهز تيابك الوسخين بدي دور الغسالة 
اكيد هلأ ابمسح معك غبرة,تساعدني بتنضيف البيت؟
ايه بروح يلا,تروح تجيب بوظة؟
عاليتها زمان وبلشت تغلي,عالي الركوة عالنار لنعمل قهوة
في شاي اخضر؟,تشرب شاي او قهوة؟
اسبوع بالكثير,كم يوم بعد عندك؟
عطيني قلم,فيك تمضي هون؟
ايه وكلو عشي فاضي,ليش هيدا شايف حالو؟
اليوم عشرة الشهر,اديه اليوم في بالشهر؟
بخمسة الشهر,ايمتى حتقبض معاشك؟
رايق رايق مش قلقان,ليش بتضلك قلقان روق
بدي كمل درس ,شو بدك تعمل بعد الأفطار؟
ولاد الجيران ,مين اجا لعنا؟
يلا ماشي,دور السيارة وحميها عبين ما اضهر
جرب بعد مرة ,معش زبطت معي ابدا
ما عندي وقت والله ,شو رأيك نروح نسهر عندك؟
وانت من اهل الخير,تصبح على خير
مش عم تابع شي,شو عم اتابع مسلسلات 
شو بدك ياني قول؟,ليش ساكت؟
ايه وصرنا خالصين كمان ,شو بلشتو شغل بالورشة؟
ليش صاير معك شي؟ ,لك تعبان وما الي خلق على شي
التلفون مش حدي,عم اتصل فيك ليش مش عم ترد؟
حبلش بخمسة الشهر ,شو ايمتى حتبلش شغل؟ 
لشو بدك ياهن؟,معك ورقة وقلم؟
يلا حاضر لح دورلك يا,دور هالتلفزيون لنحضر اخبار
مناقيش عالصاج,شو عاملين عشا؟ 
مش بإيدي الوضع صعب,ليش بتضلك متشائم؟
بالفان او مشي,كيف حترجع عالبيت؟ 
عشرين كيلو بس,كم كيلو مسموح تحمل معك؟
بعيد الشرّ ما بدي هلق,شو ايمتى منّا نفرح فيك؟
ماشي لح جبيها,جيب الكاميرا معك لنتصور
ما بعرف مش انا,مين ضرب السيارة؟ 
اكيد الحمدلله ,شو صايم اليوم؟
صرنا زمان ما سقينا. اليوم حاسقيه,ليش الورد دبلان؟
عفوا انا متوتر شوي.,ليش عم تحكي معي بهل نبرة؟ وطي صوتك
سلامة قلبك. خود حبة دوا ,راسي عم يوجعني وعليي شوية حرارة 
عم فكر فيك,بشو عم تفكر؟
تحت حد البحر,وين صفيت السيارة؟ 
ايه بروح ما عندي مشكل,تروح نسبح الأحد؟
عندي اجتماع عالساعة اربعة ما بقدر,تروح نكزدر عالكورنيش؟ 
لا مش مدفوعة,ايام الأضراب مدفوعة؟ 
اكيد حبيبي تكرم عيونك,الله يخليك تكويلي القميص؟ 
حلو مبروك! لح تسير غني يعني ؟,حيعطونا زودة عالمعاش كرمال العيد! 
ايه في مطارح احسن بكتير,مش ضروري نقعد هون على كل حال
هياها الساعة معك ليش ما بتشوفا؟,اديه الساعة؟ 
لا انا مش تبع هالشغلات ,تروح عالمظاهرة؟ 
سندويشات فلافل و شاورما,شو الغدا اليوم؟ جوعان كتير
ما الي نفس شوف حدا,لازم تصير تضهر تشوف عالم
ماشي حجرب اجي بس ما فيني اوعدك,الليلة حضرتك معزوم عسهرة
لوين بدنا نروح؟  عبالي اطلع عالجبل,اوم روح غير هالتياب خلينا نضهر  نغيّر جوّ شوي 
وانت شو خصّك؟ بجي محل ما بدي,فيي افهم شو جابك لهون؟
السبت بالليل وعد خلص,ايمتى بدك تدفع الحساب؟
أنا بشتغل بالبنك من شي سنتين,أنا تلميذ بالجامعة و أنت ؟
ايه عنجد كتير حلوة عجبتني,حلوة هالحفلة كتير
شكرا كلك زوق  يا حلو,ينعاد عليك عقبال المية يا رب
بعد مل قررت ما في شي معيين ببالي,في عطلة بعد يومين شو مقرر تعمل ؟
معك حق فطست كتير,يا زلمي شو شوب اليوم
مين ضد مين ؟ اكيد عندي وقت ,عندمك وقت الليلة ؟ في ماتش فوتبول قوي
اي نوم يا زلمي عم حضر بحث لمؤتمر بعد يومين التسليم,ما كنت متخيل شوفك بهالوقت قلت بتكون نايم
الي من الصبح عم بشتغل كتير تعبت,ليه هيك شكلك شو صاير معك ؟
مبروك يعطيك العافية كيف عملت بالإمتحانات ؟,و اخيرا خلص الفصل و صار فيني ارتاح
لأ ما فيك مل بحب عير غراضي لحدا,فيي استعير منك قلم لو سمحت ؟
يا لطيف شو هوي هالسؤال ؟,عندي سؤال كتير قوي لإلك
شو في شو صاير معك ؟,كتير معصب أنا اليوم 
ما عم بحضر شي والله ما معي كتير وقت,شو عم تحضر مسلسلات ؟
في فلم نسيت شو اسمو عن واحد بيعلق على جزيرة بنص البحر,شو أكتر فلم بتحبو ؟
طبعا هيدي لغتي الأم مش بس بحبها بعشقا,بتحب اللغة العربية ؟
معق حق شي بخوف فعلا و الله لا يعيد هيك نهار,صرت خاف عيش بهالبلد من بعد انفجار المرفأ
تقرير شو ؟ ايمتا لازم تسلمو ؟,الي ثلاث ساعات بكتب بالتقرير قرفت
مكسور ما عم يمشي صرلو من مبارح,شو صار للكومبيوتر تبعك ؟
ما حبيتو بالمرة كلو طق حنك بلا عازي,شو رأيك بالبرنامج الجديد عالتلفزيون ؟
شكرا شو رأيك فيها لابقتلي ؟,عجبتني كتير بلوزتك الجديدة!
لأ هيدا بياخدك على الجبل ما تطلع في,هيدا الباص بوديني على البلد ؟
أكيد شاي القهوة ما بحبا بالمرة بحسا مقرفة,بتحب تشرب شاي او قهوة ؟
ما ايلي خلق هلق بعدين بنضفا,شو ليه ما نضفت الأوضة ؟
ليه من شو ؟ و ليش ما بتنقل على محل تاني ؟,هالبلدة كلها مشاكل ما بتخلص
ايه بحبك و كتير ما فيني عيش من دونك,بتحبني عنجد او عم تمزح معي ؟
عنجد ؟ شو الحلو في يعني ؟ لو قادر اجي كنت جيت,راح عليك فيلم كتير حلو! قلتلك تعا بس ما بترد
إذا بدك نصيحتي فوت هندسة كومبيوتر كتير مهمة هالأيام,بدي سجل بالجامعة بس ما عارف اي اختصاص شو رأيك ؟
أكيد ولو معقول مل نجي على عيدو للحلو ؟,انبسطت كتير لأنكجيت على عيدي عنجد شكرا 
طبعا مهم بتتعلم أكتر عن الإنسان و من شو مكون,برأيك مهم اخد صف عن علم الأحياء ؟
شو عرفك يا زلمي ما قلت لحدا أنا,شو رحت على موعد غرامي مبارح بالليل ؟
ليه عزبا حالك يا عيب الشوم اكير لح تعجبني,جبتلك هدية انشالله تعجبك
المفروض بعد كم يوم مش مطول كتير,عندك فكرة ايمتا ببلش العيد ؟
بس ما تتكل عليه خليك عم تحط كمامة,شكلو عملو لقاح فعال لفيروس كورونا
ليش ما قايللي من قبل ؟ كنا حضرناهن سوا,كتير بحب احضر سبق السيارات
لأ لما وصلت كان الشعب اكل البيتزا كلها و ما خلا شي,اكلت بيتزا او لأ ؟ جلبوهوم من شوي
ليش شو في ؟ بسيطة فينا نجتمع نهار تاني,مرحبا استاذ. بدي اعتزر منك و الغي موعدنا اليوم
أنا مبارح فولت السيارتين سمعت بدو ينقطع البنزين,عم بقرا الجريدة اليوم عم يغلا البنزين
صحيح فتحت شركة بتصنع الكترونيات,قالولي فتحت شركة جديدة مبروك!
ليش يخسرو ؟ لازم يربحو اليوم ضروري,بتمنى يخسر الفريق اليوم
مين هول رفقاتك ما مخبرني عنون,لح يتجوزوا رفقاتي اليوم كتير مبسوط!
ايه كتير بتسللي بنطر الشتوية لأحضرها,بتحب الرياضات الشتوية ؟
شكرا الك. امي عملت الديكور كلو,كتير حلو بيتك !
كاميرا جديدة جبتلك ياها هدية,شو مخبا بتيابك شو في ؟
شو عم تفكر تساوي ؟ اشتريتلها شي ؟,بدي اعمل مفاجأة لمرتي اليوم 
برأي روح اشتري وحدة متلا بلا ما تنتبه,انكسرت معي مراية اختي شو بدي اعمل ؟
اوف قدي لح يربحوك ؟ من ايمتا بتشارك باللوتو ؟,ربحت اللوتو لح سير غني !
لأ بدي شوف بطاقتك اول شي,فيي فوت من بعد اذنك ؟
يلا قربت بس الكل ياخد اللقاح,ايمتا لح يخلص كورونا و نرجع طبيعي
ايه كتير مسمر ما عرفتك اول شي,كتير اخدت لون من مشوار البحر 
نيالك يا زلمي أتنا بعدني ما خلصت,و اخيرا خلصوا الإمتحانات!
ايه والله الشغل حلو و كل الناس لطيفين معي الحمدلله,شو شكلك مبسوط بالشغل الجديد
